[
  {
    "name": "Ravi Kumar",
    "age": 28,
    "weight": 65,
    "mobile": "9876543210",
    "email": "ravi@example.com",
    "blood_group": "B+",
    "allergic": "Yes",
    "history": "Diabetic. Uses insulin.",
    "fingerprint": "uploads/"
  },
  {
    "name": "Diksha Bharti",
    "gender": "Female",
    "age": "22",
    "weight": "39",
    "mobile": "07739354326",
    "email": "sinhadiksha32@gmail.com",
    "blood_group": "B positive",
    "allergic": "NO",
    "history": "Low BP,Loss of consciousness",
    "fingerprint": "fp1.jpg",
    "report": "186031998_Report_F2025-03-28T16_01_21.62.pdf"
  },
  {
    "name": "AKANKSHA BHARTI",
    "gender": "Female",
    "age": "16",
    "weight": "48",
    "mobile": "1230456987",
    "email": "akanksha@gmail.com",
    "blood_group": "B positive",
    "allergic": "No",
    "history": "Allergic to junk food",
    "fingerprint": "akanksha.jpg",
    "report": ""
  }
]